[{"fecha":"29-05-2023","precio":16,"codprop":"pedro","pasajeros":[],"numplazas":1,"origen":"Alicante","destino":"Castellón","codviaje":"pAC29"},{"fecha":"07-11-2023","precio":39,"codprop":"juan","pasajeros":[],"numplazas":3,"origen":"Castellón","destino":"Cordoba","codviaje":"jCC07"},{"fecha":"07-06-2023","precio":7,"codprop":"maria","pasajeros":[],"numplazas":2,"origen":"Madrid","destino":"Valencia","codviaje":"mMV07"},{"fecha":"12-08-2023","precio":64,"codprop":"carmen","pasajeros":[],"numplazas":1,"origen":"Sevilla","destino":"Barcelona","codviaje":"cSB12"},{"fecha":"28-05-2023","precio":16,"codprop":"pedro","pasajeros":[],"numplazas":1,"origen":"Castellón","destino":"Alicante","codviaje":"pCA28"}]